id;nom;prenom;email;adresse;telephone;sexe;photo;photo_content_type
1;la Architecte;Tomé-et-Principe invoice;Cdric_Nicolas@hotmail.fr;HTTP;0601052261;Masculin;../fake-data/blob/hipster.png;image/png
2;interface Soft;Liechtenstein Rial disintermediate;Dominique88@hotmail.fr;withdrawal Île-de-France;0340992571;Masculin;../fake-data/blob/hipster.png;image/png
3;Berkshire;web-enabled Ruble;Amandin5@yahoo.fr;Loan;+33 711324125;Feminin;../fake-data/blob/hipster.png;image/png
4;utilize Generic;Dauphine;Hippolyte73@yahoo.fr;migration expedite;0375001091;Feminin;../fake-data/blob/hipster.png;image/png
5;exploit;Loan Refined;vrard.Charpentier14@gmail.com;Centre;+33 390663921;Feminin;../fake-data/blob/hipster.png;image/png
6;Borders world-class indexing;Architecte circuit mission-critical;Patrice.Masson@yahoo.fr;Basse-Normandie;0270104211;Feminin;../fake-data/blob/hipster.png;image/png
7;Generic Licensed;Jordan protocol;Mathurin9@yahoo.fr;navigating Computers;+33 730368637;Masculin;../fake-data/blob/hipster.png;image/png
8;Money Tools Innovative;payment c index;Amalric.Guerin34@hotmail.fr;Soft scale;0645186421;Masculin;../fake-data/blob/hipster.png;image/png
9;Dauphine Handmade;Tadjikistan homogeneous Grenade;Douce_Royer@hotmail.fr;Account Business-focused Samoa;0668750211;Masculin;../fake-data/blob/hipster.png;image/png
10;bypassing;Kenyan quantify;Adegrine.Brun@yahoo.fr;Borders Fundamental program;+33 567590028;Masculin;../fake-data/blob/hipster.png;image/png
