id;libel_ressource;type_ressource;lien_ressource;date_mise
1;Outdoors Bourgogne;Evaluation;bypassing Liberian;2022-03-22T01:25:24
2;virtual transition;AppliPeda;Stagiaire b;2022-03-21T23:27:17
3;state;Evaluation;salmon driver;2022-03-22T01:56:17
4;base;Evaluation;invoice;2022-03-21T21:32:46
5;synthesize;SupportCours;Iranian Pizza;2022-03-21T16:01:12
6;Sleek Basse-Normandie Kids;Evaluation;scalable;2022-03-21T15:03:38
7;Multi-lateral;SupportCours;capacitor auxiliary;2022-03-22T04:21:07
8;override state;AppliPeda;magenta;2022-03-21T21:40:55
9;synthesize;AppliPeda;SDD;2022-03-21T22:47:48
10;Wooden a;SupportCours;CSS modular cross-platform;2022-03-21T14:09:04
